Título,Desenvolvedor,Publicador,Exclusivo,Europa,Japão,América Do Norte,Brasil,Referências
Aaru's Awakening,Lumenox Games,Lumenox Games,Console,2014,,2014,2014,[4]
Aban Hawkins e The 1.001 Spikes,8bits Fanatics,Nicalis,Não,,,2014,2014,[5]
Abzû,Giant Squid,505 Games,Console,,,,,[6]
Akiba's Trip: Undead e Undressed,Acquire,Acquire,Sony,2015,2014,2015,2014,[7]
Alienation,Housemarque,Sony Computer Entertainment,Sim,2015,2015,2015,2015,[8]
Alien: Isolation,Creative Assembly,Sega,Não,2014,2014,2014,2014,[9]
Alpha Muse,Current Circus,Current Circus,Não,,,,,
Among The Sleep,Krillbite Studio,Krillbite Studio,Não,,,,,[10]
Angry Birds Star Wars,Exient Entertainment,Activision,Não,2013,,2013,2013,[11]
Anoko Wa Ore Kara Hanarenai,Giga,TGL,Não,—,2014,—,—,[12]
Anomaly 2,11 Bit Studio,,Não,,,,,[13]
Another World,The Digital Lounge,The Digital Lounge,Não,2014,,2014,2014,[14]
Apotheon,Alien Trap Games,Alien Trap Games,Console,2014,2014,2014,2014,[15]
Assassin's Creed IV: Black Flag,Ubisoft Montreal,Ubisoft,Não,2013,,2013,2013,[16][17]
Assassin's Creed Odyssey,Ubisoft Montreal,Ubisoft,Não,2018,2018,2018,2018,
Assassin's Creed Origins,Ubisoft Montreal,Ubisoft,Não,2017,2017,2017,2017,
Assassin's Creed Unity,Ubisoft Toronto,Ubisoft,Não,2014,2014,2014,2014,[16][17]
Assassin's Creed Syndicate,Ubisoft Quebec,Ubisoft,Não,2015,2015,2015,2015,
Assault Android Cactus,Witch Beam,Witch Beam,Não,,,,,[18]
Assault Suit Leynos,Dracue Software,Extreme Co.,Não,,,,,[19]
Awesomenauts,Abstraction Games,Ronimo Games,Não,2014,,2014,2014,[20]
Axiom Verge,Thomas Happ Games,Thomas Happ Games,Sony,2015,2015,2015,2015,[21]
Aztez,Team Colorblind,Team Colorblind,Não,2014,2014,2014,2014,[22][23]
Backgammon Blitz,VooFoo Studios,VooFoo Studios,Sony,2013,2013,,,[24]
Baja: Edge of Control HD,2XL Games / BlitWorks,THQ Nordic,Não,2017,2017,2017,2017,
Batman: Arkham Knight,Rocksteady Studios,Warner Bros. Interactive Entertainment,Não,2015,2015,2015,2015,[25]
Basement Crawl,Bloober Team,Bloober Team,Sim,2014,2014,2014,2014,[26]
Battleborn,Gearbox Software,2K Games,Não,,,,,[27]
Battlefield 4,DICE,Electronic Arts,Não,2013,2014,2013,2013,[28]
Battlefield: Hardline,Visceral Games,Electronic Arts,Não,2015,2015,2015,2015,[29]
Beyond: Flesh and Blood,Pixelbomb,Pixelbomb,Não,,,,,
Bladestorm: The Hundred Years’ War & Nightmare,Koei Tecmo,Koei Tecmo,Não,,2014,,,[30]
Blast 'Em Bunnies,Nnooo,Nnooo,Console,2014,2014,2014,2014,[31]
Bloodborne,From Software,Sony Computer Entertainment,Sim,2015,2015,2015,2015,[32][33]
Blue Estate,Hesaw,Focus Home Interactive,Não,2014,,2014,2014,[34]
Bombshell,3D Realms / Interceptor Entertainment,3D Realms / Interceptor Entertainment,Console,2015,2015,2015,2015,[35]
Bound by Flame,Spiders,Focus Home Interactive,Não,2014,2014,2014,2014,[36]
Broforce,Free Lives Games,Devolver Digital,Console,2015,2015,2015,2015,[37]
Call of Cthulhu,Frogwares,Focus Home Interactive,Não,,,,,[38]
Call of Duty: Advanced Warfare,Sledgehammer Games,Activision,Não,2014,2014,2014,2014,[39]
Call of Duty: Ghosts,Infinity Ward,Activision,Não,2013,2014,2013,2013,[40]
Call of Duty: Black Ops III,Treyarch,Activision,Não,2015,2015,2015,2015,
Carmageddon: Reincarnation,Stainless Games,Stainless Games,Não,2014,2014,2014,2014,[41]
CastleStorm,Zen Studios,Zen Studios,Não,2014,2014,2014,2014,[42]
Cel Damage HD,Finish Line Games,Finish Line Games,Não,,,2014,2014,[43]
Chariot,Frima Studio,Frima Studio,Não,2014,2014,2014,2014,[44]
Chasm,"Discord Games, Inc.","Discord Games, Inc.",Console,2014,2014,2014,2014,[45]
Child of Light,Ubisoft Montreal,Ubisoft,Não,2014,2014,2014,2014,[46]
Chroma Squad,Behold Studios,Behold Studios,Não,,,,,[47]
Churbles,CrashGem,CrashGem,Não,,,,,[48]
Citizens of Earth,Atlus,Eden Industries,Não,2014,2014,2014,2014,[49]
Contrast,Compulsion Games,Compulsion Games,Não,2013,2014,2013,2013,[50]
Cosmic Star Heroine,Zeboyd Games,Zeboyd Games,Não,,,,,[51]
Costume Quest 2,Double Fine Productions,Double Fine Productions,Não,,,2014,2014,[52]
CounterSpy,Dynamighty,Dynamighty,Console,2014,2014,2014,2014,[53]
Crash Bandicoot N. Sane Trilogy,Vicarious Visions,Activision,Sim,2017,2017,2017,2017,[54]
Crazy Climber,Nichibutsu,Hamster Corporation,Não,,2014,,,[55]
Crossing The Line,Zomboko Entertainment,Zomboko Entertainment,Não,,,,,
Cyberpunk 2077,CD Projekt RED,,Não,2015,2015,2015,2015,[56]
Daylight,Zombie Studios,Atlus,Console,2014,2014,2014,—,[57][58]
DayZ,Bohemia Interactive,Bohemia Interactive,Console,,,,,[59]
Dead by Daylight,Behaviour Interactive,Starbreeze Studios,Console,2017,2017,2017,2017,[60]
Dead Island 2,Yager Development,Deep Silver,Não,,,,,[61]
Dead Nation: Apocalypse Edition,Housemarque,Sony Computer Entertainment,Sony,2014,,2014,2014,[62]
Dead or Alive 5: Last Round,Tecmo Koei,Tecmo Koei,Não,,,,,[63]
Defense Grid 2,Hidden Path Entertainment,505 Games,Não,,,,,[64]
Destiny,Bungie,JP Sony Computer EntertainmentWW Activision,Não,2014,2014,2014,2014,[65][66]
Detroit: Become Human,Quantic Dream,Sony Computer Entertainment,Sim,2017,2017,2017,2017,[67]
Diablo III,Blizzard Entertainment,Blizzard Entertainment,Não,2014,2014,2014,2014,[68][69][70][71]
Dirt 4,Codemasters,Codemasters,Não,2017,2017,2017,2017,
Dirt Rally,Codemasters,Codemasters,Não,2017,2017,2017,2017,
Dirt Rally 2.0,Codemasters,Codemasters,Não,2019,2019,2019,2019,
Disgaea 5,Nippon Ichi Software,Nippon Ichi Software,Sim,,2015,,,[72]
Disney Infinity: Marvel Super Heroes,Avalanche Software,Disney Interactive Studios,Não,2014,2014,2014,2014,[73]
Divekick,Iron Galaxy Studios,Iron Galaxy Studios,Não,,,2014,2014,[74]
Doki-Doki Universe,HumaNature Studios,HumaNature Studios,Sony,2013,2014,2013,2013,[75]
Doom,Id Software,Bethesda Softworks,Não,,,,,[76]
Don't Starve,Klei Entertainment,Klei Entertainment,Console,2014,2014,2014,2014,[77]
Dragon Age: Inquisition,BioWare,Electronic Arts,Não,2014,2014,2014,2014,[78]
Dragon Ball Xenoverse,Dimps,Namco Bandai Games,Não,,,,,[79]
Dragon Fin Soup,Grimm Bros,Grimm Bros,Console,2015,2015,2015,2015,[20]
Dragon Quest Heroes,Koei Tecmo,Square Enix,Sony,—,2015,—,—,[20]
Dreadnaught,Yager Development,Grey Box,Console,2015,2015,2015,2015,[80]
Drifter,Celsius Game Studios,Celsius Game Studios,Console,2014,2014,2014,2014,.[81]
Driveclub,Evolution Studios,Sony Computer Entertainment,Sim,2014,2014,2014,2014,.[82]
Dying Light,Techland,Warner Bros. Interactive,Não,2015,2015,2015,2015,[83]
Dynasty Warriors 8: Xtreme Legends Complete Edition,Tecmo Koei,Tecmo Koei,Console,2014,2014,2014,2014,[84]
Dynasty Warriors 8: Empires,Omega Force,Tecmo Koei,Não,2014,,,,
EA Sports UFC,EA Canada,Electronic Arts,Não,2014,2014,2014,2014,[85]
Earth Defense Force 4.1: The Shadow of New Despair,,D3,Não,,2015,,,[86]
Earthlock: Festival of Magic,Snowcastle Games,Snowcastle Games,Não,2015,2015,2015,2015,
Energy Hook,Happion Labs,Happion Labs,Não,2014,,2014,2014,[87]
Entwined,Pixelopus,Sony Computer Entertainment,Sony,2014,2014,2014,2014,[88]
Escape Plan,Fun Bits Interactive,Sony Computer Entertainment,Sony,2013,2014,2013,2013,[89]
Escape Goat 2,MagicalTimeBean,Double Fine Productions,Console,2014,2014,2014,2014,[90]
Ether One,White Paper Games,White Paper Games,Console,2014,2014,2014,2014,[91]
Everybody's Gone to the Rapture,The Chinese Room / SCE Santa Monica Studio,Sony Computer Entertainment,Sim,2015,,,,[92][93]
Evolve,Turtle Rock Studios,2K Games,Não,2015,2015,2015,2015,[94]
F1 2015,Codemasters,Codemasters,Não,2015,2015,2015,2015,
F1 2016,Codemasters,Codemasters,Não,2016,2016,2016,2016,
F1 2017,Codemasters,Codemasters,Não,2017,2017,2017,2017,
F1 2018,Codemasters,Codemasters,Não,2018,2018,2018,2018,
F1 2019,Codemasters,Codemasters,Não,2019,2019,2019,2019,
Fairy Fencer F: Advent Dark Force,Compile Heart,,Sim,,2015,,,[95]
Far Cry 4,Ubisoft Montreal,Ubisoft,Não,2014,2015,2014,2014,[96]
Farming Simulator 15,Giants Software,Focus Home Interactive,Não,2015,2015,2015,2015,
Farming Simulator 17,Giants Software,Focus Home Interactive,Não,2016,2017,2016,2016,
Farming Simulator 19,Giants Software,Focus Home Interactive,Não,2018,2019,2018,2018,
Fez,Polytron Corporation,Polytron Corporation,Não,2014,,2014,2014,[97][98][99]
Fenix Rage,Green Lava Studios,Green Lava Studios,Não,,,,,
Fibbage,Jackbox Games,Jackbox Games,Não,,,2014,2014,
FIFA 14,EA Canada,Electronic Arts,Não,2013,2014,2013,2013,[85]
FIFA 15,EA Canada,Electronic Arts,Não,2014,,2014,2014,[100]
FIFA 16,EA Canada,Electronic Arts,Não,2015,2015,2015,2015,
FIFA 17,EA Canada,Electronic Arts,Não,2016,2016,2016,2016,
FIFA 18,EA Canada,Electronic Arts,Não,2017,2017,2017,2017,
FIFA 19,EA Canada,Electronic Arts,Não,2018,2018,2018,2018,
FIFA 20,EA Canada,Electronic Arts,Não,2019,2019,2019,2019,
FIFA 21,EA Canada,Electronic Arts,Não,2020,2020,2020,2020,
FIFA 22,EA Canada,Electronic Arts,Não,2021,2021,2021,2021,
Final Fantasy Type-0 HD,Square Enix,Square Enix,Não,2015,2015,2015,—,[101]
Final Fantasy XIV: A Realm Reborn,Square Enix,Square Enix,Console,2014,2014,2014,—,[102]
Final Fantasy XV,Square Enix,Square Enix,Não,,,,,[103]
Final Horizon,Eiconic Games,Eiconic Games,Console,,,,,[104]
Flockers,Team17,Team17,Não,2014,2014,2014,2014,
Flow,SuperVillain Studios,Sony Computer Entertainment,Console,2013,2014,2013,2013,[89]
Flower,Bluepoint Games,Sony Computer Entertainment,Sony,2013,2014,2013,2013,[53][89]
Forgotten Memories,Psychoz Interactive,Psychoz Interactive,Não,,,,,[105]
Forma.8,MixedBag Games,MixedBag Games,Não,2014,2014,2014,2014,[106][107]
Foul Play,Mediatonic,Devolver Digital,Não,,,,,[108]
Fushigi no Gensōkyō 3,AQUA STYLE,Mediascape,Console,,,,,[109][110]
Galak-Z: The Dimensional,17-BIT,17-BIT,Console,2014,2014,2014,2014,[111]
Get Even,The Farm 51,The Farm 51,Não,2015,2015,2015,2015,[112]
God Eater 2: Rage Burst,Namco Bandai,Namco Bandai,Sim,,,,,[113]
God of War III Remastered,SCE Santa Monica Studio,Sony Computer Entertainment,Sim,2015,2015,2015,2015,
God of War,SCE Santa Monica Studio,Sony Interactive Entertainment,Sim,,,,,
God of War Ragnarök,Santa Monica Studio,Sony Interactive Entertainment,Console,2022,2022,2022,2022,
Gone Home,The Fullbright Company,Midnight City,Não,2014,,2014,2014,[114]
Grand Theft Auto V,Rockstar North,Rockstar Games,Não,2014,2014,2014,2014,[115]
Gran Turismo 7,Polyphony Digital,Sony Computer Entertainment,Sim,,,,,[116]
Grave,Broken Window Studios,Broken Window Studios,Não,,,,,
Grim Fandango,Double Fine Productions,Disney Interactive Studios,Não,,,,,[117]
Guacamelee! Super Turbo Championship Edition,DrinkBox Studios,DrinkBox Studios,Não,2014,2014,2014,2014,[118]
Guilty Gear Xrd,Arc System Works,JP Arc System WorksAN Aksys Games,Console,2014,2014,2014,2014,[119]
Guns of Icarus Online,Muse Games,Muse Games,Console,2014,2014,2014,2014,[120]
Gunsport,Necrosoft Games,Iron Galaxy Studios,Não,,,,,
H-Hour: World's Elite,SOF Studios,SOF Studios,Console,2015,2015,2015,2015,[121]
Hand of Fate,Defiant Development,Defiant Development,Console,,,,,[122]
Heart Forth: Alicia,Alonso Martin,,Console,,,,,[123]
Helldivers,Arrowhead Studios,Sony Computer Entertainment,Sony,2014,2014,2014,2014,[124]
Hellraid,Techland,Techland,Não,2015,2015,2015,2015,[125]
Hohokum,Honeyslug,Sony Computer Entertainment,Sony,2014,2014,2014,2014,[126]
Home,Benjamin Rivers,Benjamin Rivers,Console,2014,2014,2014,2014,[127]
Homefront: The Revolution,Crytek,Deep Silver,Não,2015,2015,2015,2015,
Horizon: Zero Dawn,Guerilla Games,Sony Computer Entertainment,Sim,2017,2017,2017,2017,[128][129]
Hotline Miami,Dennaton Games,Devolver Digital,Console,2014,,2014,2014,
Hotline Miami 2: Wrong Number,Dennaton Games,Devolver Digital,Console,2014,,2014,2014,
Human Element,Robotoki,Robotoki,Não,2015,2015,2015,2015,[130]
HUNT: Horrors of the Gilded Age,Crytek USA,Crytek,Não,2014,2014,2014,2014,[131]
Hyperdimension Neptunia VII,Compile Heart,Compile Heart,Sim,,,,,[2]
Hyper Light Drifter,Heart Machine,Heart Machine,Não,2014,2014,2014,2014,[132][133]
Infamous: Second Son,Sucker Punch Productions,Sony Computer Entertainment,Sim,2014,2014,2014,2014,[134]
Infamous First Light,Sucker Punch Productions,Sony Computer Entertainment,Sim,2014,2014,2014,2014,[135]
Injustice: Gods Among Us Ultimate Edition,High Voltage Software,Warner Bros. Interactive Entertainment,Não,2013,2014,2013,2013,[134][136][137]
Ironclad Tactics,Zachtronics,Zachtronics,Console,2014,2014,2014,2014,[138]
The Jackbox Party Pack,Jackbox Games,Jackbox Games,Não,2015,,2014,2015,
The Jackbox Party Pack 2,Jackbox Games,Jackbox Games,Não,2015,,2015,2015,
The Jackbox Party Pack 3,Jackbox Games,Jackbox Games,Não,2016,,2016,2016,
The Jackbox Party Pack 4,Jackbox Games,Jackbox Games,Não,2017,,2017,2017,
The Jackbox Party Pack 5,Jackbox Games,Jackbox Games,Não,2018,,2018,2018,
The Jackbox Party Pack 6,Jackbox Games,Jackbox Games,Não,,,,,
Jamestown Plus,Final Form Games,Final Form Games,Console,2014,2014,2014,2014,[139]
Joysound Dive 2,Xing Entertainment,Xing Entertainment,Sim,,2014,,,[140]
Just Dance 2014,Ubisoft Milan,Ubisoft,Não,2013,2014,2013,2013,[141]
Just Dance 2015,Ubisoft Milan & Ubisoft Paris,Ubisoft,Não,2014,2014,2014,2014,
Just Dance 2016,Ubisoft,Ubisoft,Não,2015,2015,2015,2015,
Just Dance 2017,Ubisoft Montreal,Ubisoft,Não,2016,2016,2016,2016,
Just Dance 2018,Ubisoft Paris,Ubisoft,Não,2017,2017,2017,2017,
Just Dance 2019,Ubisoft Paris,Ubisoft,Não,2018,2018,2018,2018,
Just Dance 2020,Ubisoft Paris,Ubisoft,Não,2019,2019,2019,2019,
Kickbeat,Zen Studios,Zen Studios,Não,2014,2014,2014,2014,[42]
Killzone Shadow Fall,Guerrilla Games,Sony Computer Entertainment,Sim,2013,2014,2013,2013,[142]
King Oddball,10tons Ltd.,10tons Ltd.,Console,2014,,2014,2014,[143]
Kingdom Come: Deliverance,Warhorse Studios,Warhorse Studios,Não,2015,,2015,2015,[144]
Kingdom Hearts III,Square Enix,Square Enix,Não,,,,,[145]
Kingdom Under Fire II,Blueside,,Console,,,2014,2014,[146]
Knack,SCE Japan Studio,Sony Computer Entertainment,Sim,2013,2014,2013,2013,[147]
Kodoku,Carnivore Studio,Carnivore Studio,Sony,2015,2015,2015,2015,[148]
Legend of Raven,Circle Edge,Nicalis,Não,,,2014,2014,[149]
Lego The Hobbit,TT Games,Warner Bros. Interactive Entertainment,Não,2014,,2014,2014,[150]
Lego Marvel Super Heroes,TT Games,Warner Bros. Interactive Entertainment,Não,2013,2014,2013,2013,[151]
Liege,Coda Games,Coda Games,Não,2014,2014,2014,2014,[152]
Lily Bergamo,Grasshopper Manufacture,GungHo Online Entertainment,Sim,2014,2014,2014,2014,[153]
LittleBigPlanet 3,Sumo Digital,Sony Computer Entertainment,Sim,2014,2014,2014,2014,[154]
Lords of the Fallen,Deck13 Interactive,City Interactive,Não,2014,2014,2014,2014,[155]
Mad Max,Avalanche Studios,Warner Bros. Interactive,Não,2015,2015,2015,2015,[156]
Madden NFL 25,EA Tiburon,Electronic Arts,Não,2012,2014,2013,2013,[85]
Madden NFL 15,EA Tiburon,Electronic Arts,Não,,,,,[85]
Madden NFL 16,EA Tiburon,Electronic Arts,Não,,2015,2015,2015,
Madden NFL 17,EA Tiburon,Electronic Arts,Não,2016,2016,2016,2016,
Madden NFL 18,EA Tiburon,Electronic Arts,Não,2017,2017,2017,2017,
Madden NFL 19,EA Tiburon,Electronic Arts,Não,2018,2018,2018,2018,
Madden NFL 20,EA Tiburon,Electronic Arts,Não,2019,2019,2019,2019,
Magicka 2,Pieces Interactive,Paradox Interactive,Console,,,,,[157]
Marc Ecko's Getting Up 2,,,Não,,,,,[158]
Mário NX,Nintendo EZ,Ancmit,Console,2014,2014,2014,2014,
Marvel vs. Capcom: Infinite,Capcom,Capcom,Não,2017,2017,2017,2017,
Metal Gear Solid V: Ground Zeroes,Kojima Productions,Konami,Não,2014,2014,2014,2014,[159]
Metal Gear Solid V: The Phantom Pain,Kojima Productions,Konami,Não,2015,2015,2015,2015,[160]
Metro 2033 Redux,4A Games,Deep Silver,Não,2014,2014,2014,2014,[161]
Metro: Last Light Redux,4A Games,Deep Silver,Não,2014,2014,2014,2014,[161]
Terra-Média: Sombras de Mordor,Monolith Productions,Warner Bros. Interactive,Não,2014,2014,2014,2014,[162]
Mighty No. 9,Comcept / Inti Creates,,Não,2014,2014,2014,2014,[163]
Minecraft,4J Studios,Mojang,Não,,2014,2014,2014,[164]
Mirror's Edge 2,DICE,Electronic Arts,Não,,,,,[165]
MLB 14: The Show,SCE San Diego Studio,Sony Computer Entertainment,Sony,2014,2014,2014,2014,[166]
MLB 15: The Show,SCE San Diego Studio,Sony Computer Entertainment,Sony,2015,2015,2015,2015,
MLB 16: The Show,SCE San Diego Studio,Sony Computer Entertainment,Sony,2016,2016,2016,2016,
MLB 17: The Show,SCE San Diego Studio,Sony Computer Entertainment,Sony,2017,2017,2017,2017,
MLB 18: The Show,SCE San Diego Studio,Sony Computer Entertainment,Sony,2018,2018,2018,2018,
MLB 18: The Show,SCE San Diego Studio,Sony Computer Entertainment,Sony,2018,2018,2018,2018,
MLB 19: The Show,SCE San Diego Studio,Sony Computer Entertainment,Sony,2019,2019,2019,2019,
Mobile Suit Gundam,Bandai Namco Games,Bandai Namco Games,Sim,,,,,[167]
Monochroma,Nowhere Studios,Nowhere Studios,Não,2014,,2014,2014,[168]
Mortal Kombat X,NetherRealm Studios,Warner Bros. Interactive Entertainment,Não,2015,2015,2015,2015,
MotoGP 14,Milestone S.r.l.,Milestone S.r.l.,Console,2014,2014,2014,2014,[169]
MotoGP 15,Milestone S.r.l.,Milestone S.r.l.,Console,2015,2015,2015,2015,
MotoGP 16,Milestone S.r.l.,Milestone S.r.l.,Console,2016,2016,2016,2016,
MotoGP 17,Milestone S.r.l.,Milestone S.r.l.,Console,2017,2017,2017,2017,
MotoGP 18,Milestone S.r.l.,Milestone S.r.l.,Console,2018,2018,2018,2018,
MotoGP 19,Milestone S.r.l.,Milestone S.r.l.,Console,2019,2019,2019,2019,
Mousecraft,Crunching Koalas,Crunching Koalas,Console,2014,,2014,2014,[170]
Murdered: Soul Suspect,Airtight Games,Square Enix,Não,2014,,2014,2014,
MXGP The Official Motocross Videogame,Milestone S.r.l.,Milestone S.r.l.,Não,2014,2014,2014,2014,
MXGP 2,Milestone S.r.l.,Milestone S.r.l.,Não,2016,2016,2016,2016,
MXGP 3,Milestone S.r.l.,Milestone S.r.l.,Não,2017,2017,2017,2017,
MXGP 4,Milestone S.r.l.,Milestone S.r.l.,Não,2019,2019,2019,2019,
N++,Metanet Software,,Sim,2014,2014,2014,2014,[171]
Naruto Shippuden: Ultimate Ninja Storm 4,CyberConnect2,Bandai Namco Games,Não,2016,2016,2016,2016,
Naruto Shippuden: Ultimate Ninja Storm Trilogy,CyberConnect2,Bandai Namco Entertainment,Não,2017,2017,2017,2017,
Natural Doctrine,Kadokawa Games,Kadokawa Games,Sony,2014,2014,2014,2014,[172]
NBA 2K14,Visual Concepts,2K Sports,Não,2013,2014,2013,2013,[173]
NBA 2K15,Visual Concepts,2K Sports,Não,,,2014,2014,
NBA 2K16,Visual Concepts,2K Sports,Não,2015,2015,2015,2015,
NBA 2K17,Visual Concepts,2K Sports,Não,2016,2016,2016,2016,
NBA 2K18,Visual Concepts,2K Sports,Não,2017,2017,2017,2017,
NBA 2K19,Visual Concepts,2K Sports,Não,2018,2018,2018,2018,
NBA 2K20,Visual Concepts,2K Sports,Não,2019,2019,2019,2019,
NBA Live 14,EA Tiburon,Electronic Arts,Não,2013,2014,2013,2013,[85]
NBA Live 15,EA Tiburon,Electronic Arts,Não,2014,2014,2014,,
NBA Live 16,EA Tiburon,Electronic Arts,Não,2016,2015,2015,2015,
NBA Live 18,EA Tiburon,Electronic Arts,Não,2017,2017,2017,2017,
NBA Live 19,EA Tiburon,Electronic Arts,Não,2018,2018,2018,2018,
NBA Playgrounds,Saber Interactive,Saber Interactive,Não,,2017,2017,,
Need for Speed: Heat,Ghost Games,Electronic Arts,Não,2019,2019,2019,2019,[174]
Need for Speed: Rivals,Ghost Games,Electronic Arts,Não,2013,2014,2013,2013,[175]
NHL 15,EA Vancouver,EA Sports,Não,2014,,2014,2014,[176]
NHL 16,EA Vancouver,EA Sports,Não,2015,2015,2015,2015,
NHL 17,EA Vancouver,EA Sports,Não,2016,2016,2016,2016,
NHL 18,EA Vancouver,EA Sports,Não,2017,2017,2017,2017,
NHL 19,EA Vancouver,EA Sports,Não,2018,2018,2018,2018,
NHL 20,EA Vancouver,EA Sports,Não,2019,2019,2019,2019,
Nikoli no Puzzle 4: Sudoku,HAMSTER,HAMSTER,Sim,,2014,,,[177]
Nidhogg,Messhof,Messhof,Console,2014,2014,2014,2014,[178]
Ninja Kid's Demon Castle Adventure,Hamster Corporation,Hamster Corporation,Não,,2014,,,[55]
Nobunaga no Yabō Online: Tenka Mugen no Shō,Tecmo Koei,Tecmo Koei,Console,,2014,,,[179]
Nobunaga no Yabō: Sozō,Tecmo Koei,Tecmo Koei,Sony,,2014,,,[180]
No Man's Sky,Hello Games,Hello Games,Não,2016,2016,2016,2016,
Not a Hero,Roll7,Devolver Digital,Timed,2014,2014,2014,2014,
Nuclear Throne,Vlambeer,Vlambeer,Não,,,,,[181]
Octodad: Dadliest Catch,"Young Horses, Inc","Young Horses, Inc",Console,2014,2014,2014,2014,[182][183]
Oddworld: New 'n' Tasty!,Just Add Water,Oddworld Inhabitants,Não,,,,,[184]
OlliOlli,Roll7,Roll7,Console,2014,2014,2014,2014,[185]
Omega Quintet,Compile Heart,Compile Heart,Sim,,2014,,,[186]
One Piece: Burning Blood,Spike Chunsoft,Bandai Namco Games,Não,2016,2016,2016,2016,
Os Cavaleiros do Zodíaco: Alma dos Soldados,Dimps,Bandai Namco Games,Não,2015,2015,2015,2015,
Outlast,Red Barrels Studio,Red Barrels Studio,Console,2014,2014,2014,2014,[187]
Pavilion,Visiontrick Media,Visiontrick Media,Sony,2014,2014,2014,2014,[188]
Pro Evolution Soccer 2015,Konami,Konami,Não,2014,2014,2014,2014,
Pro Evolution Soccer 2016,Konami,Konami,Não,2015,2015,2015,2015,
Pro Evolution Soccer 2017,Konami,Konami,Não,2016,2016,2016,2016,
Pro Evolution Soccer 2018,Konami,Konami,Não,2017,2017,2017,2017,
Pro Evolution Soccer 2019,Konami,Konami,Não,2018,2018,2018,2018,
Pro Evolution Soccer 2020,Konami,Konami,Não,2019,2019,2019,2019,
Phantom Breaker: Battle Grounds Overdrive,5pb.,5pb.,Sim,,,,,[189]
PixelJunk Shooter Ultimate,Double Eleven Studios / Q-Games,Sony Computer Entertainment,Sony,2014,2014,2014,2014,[190]
Pier Solar HD,WaterMelon,WaterMelon,Não,2014,2014,2014,2014,[191]
Plants vs. Zombies: Garden Warfare,PopCap Games,Electronic Arts,Não,2014,,2014,2014,
Plants vs Zombies: Garden Warfare 2,PopCap Games,Eletronic Arts,Não,2016,ASA,2016,2016,[192]
Pool Nation Extreme/FX,Cherry Pop Games,Cherry Pop Games,Não,2014,2014,,,[53]
Primal Carnage: Genesis,First-person shooter,,Console,,,,,[193]
Project CARS,Slightly Mad Studios,Slightly Mad Studios,Não,2015,2015,2015,2015,[194]
Project CARS 2,Slightly Mad Studios,Slightly Mad Studios,Não,2017,2017,2017,2017,
Project: Heart and Soul,Reach Game Studios,,Console,,,,,[195]
Project Phoenix,Creative Intelligence Arts,Creative Intelligence Arts,Console,2014,2014,2014,2014,[196]
Pure Pool,VooFoo Studios,VooFoo Studios,Não,,,,,[197]
Putty Squad,System 3,System 3,Não,2013,,2014,2014,[198]
QuickDraw,Greenfly Studios,Greenfly Studios,Console,,,2014,2014,[199]
Race the Sun,Flippfly,Flippfly,Console,2014,2014,2014,2014,[200]
Rayman Legends,Ubisoft Montpellier,Ubisoft,Não,2014,,2014,2014,[201]
Ray's the Dead,Ragtag Studios,Ragtag Studios,Console,,,,,[202]
R.B.I. Baseball 14,Behaviour Interactive,MLB Advanced Media,Não,,,2014,2014,
R.B.I. Baseball 15,HB Studios,MLB Advanced Media,Não,,,2015,2015,
R.B.I. Baseball 16,HB Studios,MLB Advanced Media,Não,2016,,2016,2016,
R.B.I. Baseball 17,MLB Advanced Media,MLB Advanced Media,Não,2017,,2017,2017,
R.B.I. Baseball 18,MLB Advanced Media,MLB Advanced Media,Não,2018,,2018,2018,
R.B.I. Baseball 19,MLB Advanced Media,MLB Advanced Media,Não,2019,,2019,2019,
Ready to Run,Beatshapers,Beatshapers,Sim,,,2014,2014,[203]
Red Dead Redemption 2,Rockstar Games,Rockstar Games,Não,2018,2018,2018,2018,
Resident Evil: Revelations 2,Capcom,Capcom,Não,2015,2015,2015,2015,
Resident Evil 2 Remake,Capcom,Capcom,Não,,,,,
Resident Evil 4,Capcom,Capcom,Não,2016,2016,2016,2016,
Resident Evil 5,Capcom,Capcom,Não,2016,2016,2016,2016,
Resident Evil 6,Capcom,Capcom,Não,2016,2016,2016,2016,
Resident Evil 7: Biohazard,Capcom,Capcom,Não,2017,2017,2017,2017,[204]
Resident Evil Origins Collection (R.E 0 e R.E 1),Capcom,Capcom,Não,2016,2016,2016,2016,
Resogun,Housemarque,Sony Computer Entertainment,Sim,2013,2014,2013,2013,[205]
Ride,Milestone S.r.l.,Milestone S.r.l.,Não,2015,2015,2015,2015,
Ride 2,Milestone S.r.l.,Milestone S.r.l.,Não,2017,2017,2017,2017,
Ride 3,Milestone S.r.l.,Milestone S.r.l.,Não,2019,2019,2019,2019,
Rime,Tequila Works,Sony Computer Entertainment,Sim,,,,,[206]
Road Not Taken,Spry Fox,Spry Fox,Console,,,,,[207]
Rocketbirds 2: Evolution,Ratloop,,Sony,,,,,[208]
Rogue Legacy,Cellar Door Games,Cellar Door Games,Console,2014,2014,2014,2014,[209]
Rugby 15,HB Studios,Bigben Interactive,Não,2014,2014,2014,2014,
Rygar,Tecmo,Hamster Corporation,Não,,2014,,,[55]
Ryû ga Gotoku Ishin!,Sega,Sega,Sony,,2014,,,[210]
Samurai Gunn,Maxistentialism,Teknopants,Console,2014,2014,,,[211]
Savant Ascent,DPad Studios,DPad Studios,Console,,,,,[212]
Scivelation,Black Wing Foundation,TopWare Interactive,Não,2014,2014,2014,2014,
Secret Ponchos,Switchblade Monkeys,Switchblade Monkeys,Console,2014,2014,2014,2014,[213]
Shadow of the Beast,Heavy Spectrum,Sony Computer Entertainment,Sim,,,,,[214]
Shadow Warrior,Flying Wild Hog,Devolver Digital,Não,2014,2014,2014,2014,[215]
Shantae: Half-Genie Hero,WayForward Technologies,,Não,2014,2014,2014,2014,[216]
Sherlock Holmes: Crimes e Punishments,Frogwares,Focus Home Interactive,Não,2014,2014,2014,2014,[217]
Skulls of the Shogun: Bone-A-Fide Edition,17-BIT,17-BIT,Console,2014,2014,2014,2014,[218]
Skylanders: Swap Force,Vicarious Visions,Activision,Não,2013,2014,2013,2013,[219]
Skylanders: Trap Team,Beenox,Activision,Não,2014,,2014,2014,
Sleeping Dogs: Triad Wars,United Front Games,Square Enix,Não,2014,2014,2014,2014,[carece de fontes?]
Sniper Elite 3,Rebellion Developments,505 Games,Não,2014,2014,2014,2014,[220]
Sniper: Ghost Warrior 3,CI Games,CI Games,Não,2017,2017,2017,2017,[221]
SOMA,Frictional Games,Frictional Games,Console,2015,2015,2015,2015,[222]
Soul Saga: Episode 1,Disastercake,Disastercake,Não,2014,2014,2014,2014,[223]
Sound Shapes,Queasy Games,Sony Computer Entertainment,Sony,2013,2014,2013,2013,[89]
Source,Fire Fenix,Fire Fenix,Não,2015,2015,2015,2015,[224]
Spelunky,Mossmouth,Mossmouth,Console,2014,2014,2014,2014,[225]
Sportsfriends,Die Gute Fabrik,Die Gute Fabrik,Console,2014,2014,2014,2014,[226]
Star Wars: Battlefront,DICE,Electronic Arts / LucasArts,Não,2015,,2015,2015,[227]
Star Wars: Battlefront II,DICE,Electronic Arts / LucasArts,Não,2017,2017,2017,2017,
Starbound,Chucklefish,Chucklefish,Console,,,,,[228]
Starwhal: Just the Tip,Breakfall,Breakfall,Não,,,,,[229]
Steamworld Dig,Image & Form,Image & Form,Console,2014,2014,2014,2014,[230]
Stealth Inc: Ultimate Edition,Curve Studios,Curve Studios,Console,2014,,2014,2014,[231]
Street Fighter V,Capcom,Capcom,Console,2016,2016,2016,2016,[232][233][234]
Strider,Double Helix Games,Capcom,Não,2014,2014,2014,2014,[235]
Strike Suit Zero,Born Ready Games,Born Ready Games,Não,2014,,2014,2014,[236]
Super Exploding Zoo,Honeyslug,,Sony,2014,2014,,,[237][238]
Super Motherload,XGen Studios,XGen Studios,Console,2013,2014,2013,2013,[239]
Switch Galaxy Ultra,Atomicom,Atomicom,Sony,,,,,[240]
Tekken 7,Bandai Namco Entertainment,Bandai Namco Entertainment,Não,2017,2017,2017,2017,[241]
The Amazing Spider-Man 2,Beenox,Activision,Não,2014,,2014,2014,[242]
The Binding of Isaac: Rebirth,Nicalis,Nicalis,Não,2014,2014,2014,2014,[243]
The Crew,Ivory Tower,Ubisoft,Não,2014,2014,2014,2014,[244]
The Crew 2,Ivory Tower,Ubisoft,Não,2018,2018,2018,2018,
The Elder Scrolls Online,ZeniMax Online Studios,Bethesda Softworks,Não,2014,2014,2014,2014,[245]
The Evil Within,Tango Gameworks,Bethesda Softworks,Não,2014,2014,2014,2014,[246]
The Evil Within 2,Tango Gameworks,Bethesda Softworks,Não,2017,2017,2017,2017,
The Idolmaster,Bandai Namco Games,Bandai Namco Games,Sim,,,2014,2014,[167]
The Last Guardian,Team ICO / SCE Japan Studio,Sony Computer Entertainment,Sim,2016,2016,2016,2016,
The Last of Us Remastered,Naughty Dog,Sony Computer Entertainment,Sim,2014,2014,2014,2014,[247]
The Legend of el Lobodestroyo vs. la Liga de los Villanos,Lefhanded Studios,Lefhanded Studios,Não,2014,,2014,2014,[248]
The Lego Movie Videogame,TT Games,Warner Bros. Interactive Entertainment,Não,2014,,2014,2014,[249]
The Order: 1886,Ready at Dawn SCE Santa Monica Studio,Sony Computer Entertainment,Sim,2015,2015,2015,2015,[250][251]
The Pinball Arcade,FarSight Studios,FarSight Studios,Não,2013,2014,2013,2013,[252]
The Swapper,Facepalm Games,Curve Studios,Console,2014,2014,2014,2014,[253]
The Witcher 3: Wild Hunt,CD Projekt RED,CD Projekt RED,Não,2015,2015,2015,2015,[254]
The Witness,"Thekla, Inc.","Thekla, Inc.",Timed,2016,2016,2016,2016,[255][256]
Thief,Eidos Montreal,Square Enix,Não,2014,2014,2014,2014,[257][258]
Tiny Brains,Spearhead Games,Spearhead Games,Console,2013,2014,2013,2013,[259]
Tiny Troopers: Joint Ops,Kukouri Mobile Entertainment,Wired Productions,Console,,,,,[260]
Titan Attacks,Puppygames,Puppygames,Console,2014,,2014,2014,[170]
To Leave,Freaky Creations,Freaky Creations,Console,,,,,[261]
Tomb Raider: Definitive Edition,Crystal Dynamics,Square Enix,Não,2014,,2014,2014,[262]
Tom Clancy's The Division,Ubisoft Massive,Ubisoft,Não,2015,2015,2015,2015,[263]
Tom Clancy's Rainbow 6: Patriots,Ubisoft Montreal Ubisoft Red Storm Ubisoft Toronto,Ubisoft,Não,,,,,[264]
Tom Clancy's Rainbow Six: Siege,Ubisoft Montreal Ubisoft Red Storm Ubisoft Toronto,Ubisoft,Não,,,,,[265]
Tottemo E Mahjong Plus,Arc System Works,Arc System Works,Sim,,2014,,,[266]
Towerfall: Ascension,Matt Thorson,Matt Thorson,Não,2014,,2014,2014,[267]
Transformers: Rise of the Dark Spark,Edge of Reality,Activision,Não,2014,2014,2014,2014,[268]
Transistor,Supergiant Games,Supergiant Games,Console,2014,2014,2014,2014,[269]
Trials Fusion,RedLynx,Ubisoft,Não,2014,2014,2014,2014,[270]
Trine 2: Complete Story,Frozenbyte,Atlus,Não,2013,2014,2013,2013,[271]
Uncharted: The Nathan Drake Collection,Naughty Dog,Sony Computer Entertainment,Sim,2015,2015,2015,2015,
Uncharted 4: A Thief's End,Naughty Dog,Sony Computer Entertainment,Sim,2016,2016,2016,2016,[272]
Until Dawn,,,,,,,,
Valiant Hearts: The Great War,Ubisoft Montpellier,Ubisoft,Não,2014,2014,2014,2014,[273]
Velocity 2X,FuturLab,FuturLab,Sim,2014,2014,2014,2014,[274]
Volume,Mike Bithell Games,,Console,2014,2014,2014,2014,[275]
"Warhammer 40,000: Eternal Crusade",Behaviour Interactive,Behaviour Interactive,Não,2015,2015,2015,2015,[276]
Watch Dogs,Ubisoft Montreal Ubisoft Reflections Ubisoft Romania,Ubisoft,Não,2014,2014,2014,2014,[277]
Watch Dogs 2,,Ubisoft,Não,,,,,
Whore of the Orient,Team Bondi,,Não,2015,2015,2015,2015,[278][279][280]
Without Memory,Dinosaurum Games,Dinosaurum Games,Sim,2016,2016,2016,2016,[281]
Wolfenstein: The New Order,MachineGames,Bethesda Softworks,Não,2014,2014,2014,2014,[282]
WonderFlick,Level-5,Level-5,Não,2014,2014,2014,2014,[283]
WRC 5,Kylotonn Games,Bigben Interactive,Não,2015,2015,2015,2015,
WRC 6,Kylotonn Games,Bigben Interactive,Não,2016,2016,2016,2016,
WRC 7,Kylotonn Games,Bigben Interactive,Não,2017,2017,2017,2017,
WRC 8,Kylotonn Games,Bigben Interactive,Não,,,,,
Worms Battlegrounds,Team17,Team17,Não,2014,2014,2014,2014,
WWE 2K15,Yuke's/Visual Concepts,2K Sports,Não,2014,2014,2014,2014,[284]
WWE 2K16,Yuke's/Visual Concepts,2K Sports,Não,2015,2015,2015,2015,
WWE 2K17,Yuke's/Visual Concepts,2K Sports,Não,2016,2016,2016,2016,
WWE 2K18,Yuke's/Visual Concepts,2K Sports,Não,2017,2017,2017,2017,
WWE 2K19,Yuke's/Visual Concepts,2K Sports,Não,2018,2018,2018,2018,
WWE 2K20,Yuke's/Visual Concepts,2K Sports,Não,2019,2019,2019,2019,
